"DESCRIPTION","DURATION IN MS","NAME","PARENT SUITE","START TIME","STATUS","STOP TIME","SUB SUITE","SUITE","TEST CLASS","TEST METHOD"
"","3976","@trip_users - Validar que la tabla de de Usuarios de Viaje pueda ser filtrada por Pais","chromium","Wed Oct 08 14:21:49 UTC 2025","passed","Wed Oct 08 14:21:53 UTC 2025","","Trip_users","",""
"","3381","@requests - Validar que la tabla de Solicitudes pueda ser filtrada por Email","chromium","Wed Oct 08 15:04:21 UTC 2025","passed","Wed Oct 08 15:04:24 UTC 2025","","Requests","",""
"","7416","@Hosts - Validar que la tabla de proveedores pueda ser filtrada por Location","firefox","Wed Oct 08 14:25:01 UTC 2025","failed","Wed Oct 08 14:25:08 UTC 2025","","Vendors","",""
"","8813","@requests - Validar que la tabla de Solicitudes pueda ser filtrada por Estado","firefox","Wed Oct 08 14:28:13 UTC 2025","passed","Wed Oct 08 14:28:21 UTC 2025","","Requests","",""
"","3070","@Dashboard - La vista debe mostrar todas las métricas principales","firefox","Wed Oct 08 14:22:12 UTC 2025","passed","Wed Oct 08 14:22:15 UTC 2025","","Dashboard","",""
"","4755","@projects - Validar que la tabla de Proyectos pueda ser filtrada por Duración","chromium","Wed Oct 08 14:23:12 UTC 2025","passed","Wed Oct 08 14:23:17 UTC 2025","","Projects","",""
"","5613","@vendors - Validar que la tabla de proveedores pueda ser filtrada por Location","chromium","Wed Oct 08 14:23:51 UTC 2025","failed","Wed Oct 08 14:23:57 UTC 2025","","Vendors","",""
"","5043","@requests - Validar que la tabla de Solicitudes pueda ser filtrada por ID","firefox","Wed Oct 08 14:24:27 UTC 2025","passed","Wed Oct 08 14:24:32 UTC 2025","","Requests","",""
"","3927","@vendors - Validar que la tabla contenga los encabezados correctos","firefox","Wed Oct 08 14:24:36 UTC 2025","passed","Wed Oct 08 14:24:40 UTC 2025","","Vendors","",""
"","5453","@projects - Validar que la tabla de Proyectos pueda ser filtrada por ID","firefox","Wed Oct 08 14:23:16 UTC 2025","passed","Wed Oct 08 14:23:21 UTC 2025","","Projects","",""
"","5515","@projects - Validar que la tabla de Proyectos pueda ser filtrada por Lugar de Salida","chromium","Wed Oct 08 14:22:41 UTC 2025","passed","Wed Oct 08 14:22:47 UTC 2025","","Projects","",""
"","4574","@projects - Validar que la tabla de Proyectos pueda ser filtrada por Nombre de Contacto","chromium","Wed Oct 08 14:23:36 UTC 2025","passed","Wed Oct 08 14:23:41 UTC 2025","","Projects","",""
"","5115","@login - Verificación de inicio de sesion con usuario existente pero contraseña incorrecta","chromium","Wed Oct 08 14:21:34 UTC 2025","passed","Wed Oct 08 14:21:39 UTC 2025","","Login","",""
"","3723","@requests - Validar que la tabla de Solicitudes pueda ser filtrada por Paquetes/equipaje","webkit","Wed Oct 08 14:44:26 UTC 2025","passed","Wed Oct 08 14:44:30 UTC 2025","","Requests","",""
"","3806","@requests - Validar que la tabla de Solicitudes pueda ser filtrada por Canal de Solicitud","webkit","Wed Oct 08 14:43:44 UTC 2025","passed","Wed Oct 08 14:43:48 UTC 2025","","Requests","",""
"","3315","@requests - Validar que la tabla de Solicitudes pueda ser filtrada por Departamento","chromium","Wed Oct 08 15:04:14 UTC 2025","passed","Wed Oct 08 15:04:17 UTC 2025","","Requests","",""
"","6729","@vendors - Validar que se pueda navegar hasta la ultima pagina y de regreso a la primera","firefox","Wed Oct 08 14:25:19 UTC 2025","passed","Wed Oct 08 14:25:26 UTC 2025","","Vendors","",""
"","4350","@projects - Validar que la tabla de Proyectos pueda ser filtrada por PO Quantity","webkit","Wed Oct 08 14:29:55 UTC 2025","passed","Wed Oct 08 14:29:59 UTC 2025","","Projects","",""
"","4862","@projects - Validar que la tabla de Proyectos pueda ser filtrada por Equipajes/paquetes","webkit","Wed Oct 08 14:29:13 UTC 2025","passed","Wed Oct 08 14:29:17 UTC 2025","","Projects","",""
"","4063","@projects - Validar que se pueda navegar hasta la ultima pagina","webkit","Wed Oct 08 14:27:34 UTC 2025","passed","Wed Oct 08 14:27:38 UTC 2025","","Projects","",""
"","3935","@projects - Validar que la tabla contenga los encabezados correctos","webkit","Wed Oct 08 14:27:23 UTC 2025","passed","Wed Oct 08 14:27:27 UTC 2025","","Projects","",""
"","4601","@trip_users - Validar que la tabla de de Usuarios de Viaje pueda ser filtrada por telefono","chromium","Wed Oct 08 14:21:53 UTC 2025","passed","Wed Oct 08 14:21:58 UTC 2025","","Trip_users","",""
"","6542","@projects - Validar que la tabla de Proyectos pueda ser filtrada por ID","webkit","Wed Oct 08 14:27:49 UTC 2025","passed","Wed Oct 08 14:27:56 UTC 2025","","Projects","",""
"","6230","@projects - Validar que la tabla de Proyectos pueda ser filtrada por PO Quantity","firefox","Wed Oct 08 14:26:37 UTC 2025","passed","Wed Oct 08 14:26:43 UTC 2025","","Projects","",""
"","5435","@Hosts - Validar que la tabla de proveedores pueda ser filtrada por ID","webkit","Wed Oct 08 14:27:21 UTC 2025","passed","Wed Oct 08 14:27:27 UTC 2025","","Vendors","",""
"","5929","@login - Verificación de inicio de sesion con usuario existente","firefox","Wed Oct 08 14:21:47 UTC 2025","passed","Wed Oct 08 14:21:53 UTC 2025","","Login","",""
"","3472","@requests - Validar que la tabla de Solicitudes pueda ser filtrada por tipo de Viaje","chromium","Wed Oct 08 15:04:07 UTC 2025","passed","Wed Oct 08 15:04:10 UTC 2025","","Requests","",""
"","3459","@requests - Validar que la tabla de Solicitudes pueda ser filtrada por ID","chromium","Wed Oct 08 15:02:54 UTC 2025","passed","Wed Oct 08 15:02:57 UTC 2025","","Requests","",""
"","4060","@requests - Validar que la tabla de Solicitudes pueda ser filtrada por Experiencia","webkit","Wed Oct 08 14:44:03 UTC 2025","failed","Wed Oct 08 14:44:07 UTC 2025","","Requests","",""
"","5179","@trip_users - Validar que la tabla de de Usuarios de Viaje pueda ser filtrada por Identificación","firefox","Wed Oct 08 14:24:40 UTC 2025","passed","Wed Oct 08 14:24:45 UTC 2025","","Trip_users","",""
"","9108","@trip_users - Validar que la tabla de de Usuarios de Viaje pueda ser filtrada por Fecha de Cumpleaños","firefox","Wed Oct 08 14:25:26 UTC 2025","failed","Wed Oct 08 14:25:35 UTC 2025","","Trip_users","",""
"","8476","@requests - Validar que la tabla de Solicitudes pueda ser filtrada por Experiencia","firefox","Wed Oct 08 14:26:16 UTC 2025","failed","Wed Oct 08 14:26:24 UTC 2025","","Requests","",""
"","3412","@requests - Validar que la tabla de Solicitudes pueda ser filtrada por Nombre de Contacto","chromium","Wed Oct 08 15:04:17 UTC 2025","passed","Wed Oct 08 15:04:21 UTC 2025","","Requests","",""
"","4615","@projects - Validar que la tabla de Proyectos pueda ser filtrada por MC Person","webkit","Wed Oct 08 14:29:46 UTC 2025","passed","Wed Oct 08 14:29:50 UTC 2025","","Projects","",""
"","4789","@trip_users - Validar que la tabla de de Usuarios de Viaje pueda ser filtrada por Email","chromium","Wed Oct 08 14:21:41 UTC 2025","passed","Wed Oct 08 14:21:46 UTC 2025","","Trip_users","",""
"","4106","@login - Verificación de mensajes para valores requeridos (Email)","chromium","Wed Oct 08 14:21:39 UTC 2025","passed","Wed Oct 08 14:21:43 UTC 2025","","Login","",""
"","5079","@experiences - Validar que la tabla de experiencias pueda ser filtrada por el estado de la Experiencia","firefox","Wed Oct 08 14:23:20 UTC 2025","passed","Wed Oct 08 14:23:25 UTC 2025","","Experiences","",""
"","4487","@Hosts - Validar que la tabla de proveedores pueda ser filtrada por Servicios","webkit","Wed Oct 08 14:29:22 UTC 2025","passed","Wed Oct 08 14:29:26 UTC 2025","","Vendors","",""
"","1","@experiences - Verificación del flujo de Edición de una Experiencia","chromium","Wed Oct 08 14:21:26 UTC 2025","skipped","Wed Oct 08 14:21:26 UTC 2025","","modules/experiences/experiences.spec.js","",""
"","20909","@login - Verificación de inicio de sesion con usuario existente","webkit","Wed Oct 08 14:25:41 UTC 2025","passed","Wed Oct 08 14:26:02 UTC 2025","","Login","",""
"","2452","@vendors - Validar que se pueda navegar a la siguiente pagina","webkit","Wed Oct 08 14:29:53 UTC 2025","failed","Wed Oct 08 14:29:56 UTC 2025","","Vendors","",""
"","2754","@experiences - Validar que la tabla de Experiencias tenga al menos un registro","chromium","Wed Oct 08 14:15:26 UTC 2025","passed","Wed Oct 08 14:15:29 UTC 2025","","Experiences","",""
"","4903","@vendors - Validar que la tabla de proveedores pueda ser filtrada por Servicios","firefox","Wed Oct 08 14:28:36 UTC 2025","passed","Wed Oct 08 14:28:41 UTC 2025","","Vendors","",""
"","4386","@projects - Validar que la tabla de Proyectos pueda ser filtrada por Alimentación","chromium","Wed Oct 08 14:23:17 UTC 2025","passed","Wed Oct 08 14:23:22 UTC 2025","","Projects","",""
"","5035","@projects - Validar que la tabla de Proyectos pueda ser filtrada por Budget","chromium","Wed Oct 08 14:23:27 UTC 2025","passed","Wed Oct 08 14:23:32 UTC 2025","","Projects","",""
"","1292","@vendors - Validar que la tabla contenga los encabezados correctos","webkit","Wed Oct 08 14:29:37 UTC 2025","passed","Wed Oct 08 14:29:38 UTC 2025","","Vendors","",""
"","4243","@requests - Validar que la tabla de Solicitudes pueda ser filtrada por Nombre de Contacto","firefox","Wed Oct 08 14:27:59 UTC 2025","passed","Wed Oct 08 14:28:04 UTC 2025","","Requests","",""
"","4943","@Hosts - Validar que la tabla de proveedores pueda ser filtrada por Phone","chromium","Wed Oct 08 14:22:37 UTC 2025","passed","Wed Oct 08 14:22:41 UTC 2025","","Vendors","",""
"","3050","@vendors - Validar que la tabla de usuarios de Proveedores tenga al menos un registro","firefox","Wed Oct 08 14:25:38 UTC 2025","passed","Wed Oct 08 14:25:41 UTC 2025","","Vendors","",""
"","4051","@trip_users - Validar que la tabla de de Usuarios de Viaje pueda ser filtrada por Nombre","chromium","Wed Oct 08 14:21:37 UTC 2025","passed","Wed Oct 08 14:21:41 UTC 2025","","Trip_users","",""
"","4035","@projects - Validar que la tabla de Proyectos pueda ser filtrada por Destino","chromium","Wed Oct 08 14:23:01 UTC 2025","failed","Wed Oct 08 14:23:05 UTC 2025","","Projects","",""
"","5895","@projects - Validar que la tabla de Proyectos pueda ser filtrada por MC Person","firefox","Wed Oct 08 14:26:25 UTC 2025","passed","Wed Oct 08 14:26:31 UTC 2025","","Projects","",""
"","5076","@experiences - Validar que se pueda navegar hasta la ultima pagina","firefox","Wed Oct 08 14:22:30 UTC 2025","passed","Wed Oct 08 14:22:36 UTC 2025","","Experiences","",""
"","3398","@requests - Validar que la tabla de Solicitudes pueda ser filtrada por Lugar de Salida","chromium","Wed Oct 08 15:03:40 UTC 2025","passed","Wed Oct 08 15:03:43 UTC 2025","","Requests","",""
"","4181","@requests - Validar que se pueda navegar hasta la ultima pagina","chromium","Wed Oct 08 14:20:44 UTC 2025","passed","Wed Oct 08 14:20:48 UTC 2025","","Requests","",""
"","16501","@Hosts - Verificación del flujo de Creación de un Proveedor nuevo","webkit","Wed Oct 08 14:27:03 UTC 2025","passed","Wed Oct 08 14:27:19 UTC 2025","","Vendors","",""
"","4048","@projects - Validar que la tabla de Proyectos pueda ser filtrada por Duración","webkit","Wed Oct 08 14:29:18 UTC 2025","passed","Wed Oct 08 14:29:22 UTC 2025","","Projects","",""
"","0","@experiences - Verificación del flujo de Edición de una Experiencia","webkit","Wed Oct 08 14:27:18 UTC 2025","skipped","Wed Oct 08 14:27:18 UTC 2025","","modules/experiences/experiences.spec.js","",""
"","1317","@vendors - Validar que la tabla de usuarios de Proveedores tenga al menos un registro","webkit","Wed Oct 08 14:30:12 UTC 2025","passed","Wed Oct 08 14:30:14 UTC 2025","","Vendors","",""
"","4409","@projects - Validar que la tabla de Proyectos pueda ser filtrada por Typo de Viaje","webkit","Wed Oct 08 14:29:26 UTC 2025","passed","Wed Oct 08 14:29:31 UTC 2025","","Projects","",""
"","8612","@vendors - Validar que la tabla de proveedores pueda ser filtrada por Dia de Creación","chromium","Wed Oct 08 14:23:21 UTC 2025","failed","Wed Oct 08 14:23:29 UTC 2025","","Vendors","",""
"","7327","@Hosts - Validar que la tabla de proveedores pueda ser filtrada por Status","firefox","Wed Oct 08 14:24:32 UTC 2025","passed","Wed Oct 08 14:24:39 UTC 2025","","Vendors","",""
"","3780","@vendors - Validar que la tabla de proveedores pueda ser filtrada por Email","chromium","Wed Oct 08 14:24:04 UTC 2025","passed","Wed Oct 08 14:24:08 UTC 2025","","Vendors","",""
"","10962","@requests - Validar que al cambiar el estado de un Request a Aprobado, esté sea visible en la lista de Proyectos","firefox","Wed Oct 08 14:24:16 UTC 2025","passed","Wed Oct 08 14:24:27 UTC 2025","","Requests","",""
"","5249","@Hosts - Validar que el contador de paginas se actualice al modificar el numero de elementos mostrados por pagina","chromium","Wed Oct 08 14:15:29 UTC 2025","passed","Wed Oct 08 14:15:34 UTC 2025","","Vendors","",""
"","6554","@requests - Validar que la tabla de Solicitudes pueda ser filtrada por Dia de Creación","chromium","Wed Oct 08 15:03:12 UTC 2025","failed","Wed Oct 08 15:03:19 UTC 2025","","Requests","",""
"","8422","@experiences - Validar que la tabla de experiencias pueda ser filtrada por el estado de la Experiencia","webkit","Wed Oct 08 14:27:09 UTC 2025","passed","Wed Oct 08 14:27:18 UTC 2025","","Experiences","",""
"","7668","@requests - Validar el flujo de Creación de una nueva Solicitud (Request)","chromium","Wed Oct 08 14:31:14 UTC 2025","passed","Wed Oct 08 14:31:22 UTC 2025","","Requests","",""
"","313017","@requests - Validar que al cambiar el estado de un Request a Aprobado, esté sea visible en la lista de Proyectos","chromium","Wed Oct 08 14:57:40 UTC 2025","broken","Wed Oct 08 15:02:53 UTC 2025","","Requests","",""
"","4056","@requests - Validar que se pueda navegar a la siguiente pagina","chromium","Wed Oct 08 14:20:48 UTC 2025","passed","Wed Oct 08 14:20:52 UTC 2025","","Requests","",""
"","6301","@requests - Validar que al cambiar el estado de un Request a Aprobado, esté sea visible en la lista de Proyectos","webkit","Wed Oct 08 14:43:06 UTC 2025","passed","Wed Oct 08 14:43:12 UTC 2025","","Requests","",""
"","3769","@vendors - Verificación del flujo de Edición de un Proveedor","webkit","Wed Oct 08 14:30:23 UTC 2025","failed","Wed Oct 08 14:30:27 UTC 2025","","Vendors","",""
"","4248","@experiences - Validar que la tabla de experiencias pueda ser filtrada por Nombre de Experiencia","chromium","Wed Oct 08 14:21:08 UTC 2025","passed","Wed Oct 08 14:21:12 UTC 2025","","Experiences","",""
"","3025","@projects - Validar que la tabla de Proyectos tenga al menos un registro","chromium","Wed Oct 08 14:15:26 UTC 2025","passed","Wed Oct 08 14:15:29 UTC 2025","","Projects","",""
"","4209","@experiences - Validar que la tabla de experiencias pueda ser filtrada por Valor inicial","chromium","Wed Oct 08 14:21:16 UTC 2025","passed","Wed Oct 08 14:21:20 UTC 2025","","Experiences","",""
"","3817","@vendors - Validar que la tabla de proveedores pueda ser filtrada por Location","webkit","Wed Oct 08 14:31:27 UTC 2025","failed","Wed Oct 08 14:31:30 UTC 2025","","Vendors","",""
"","4538","@vendors - Validar que la tabla de proveedores pueda ser filtrada por Website","chromium","Wed Oct 08 14:24:28 UTC 2025","failed","Wed Oct 08 14:24:33 UTC 2025","","Vendors","",""
"","4409","@projects - Validar que la tabla de Proyectos pueda ser filtrada por Departamento","chromium","Wed Oct 08 14:23:32 UTC 2025","passed","Wed Oct 08 14:23:36 UTC 2025","","Projects","",""
"","6020","@projects - Validar que se pueda navegar hasta la ultima pagina y de regreso a la primera","webkit","Wed Oct 08 14:27:43 UTC 2025","passed","Wed Oct 08 14:27:49 UTC 2025","","Projects","",""
"","3691","@requests - Validar que la tabla de Solicitudes pueda ser filtrada por Presupuesto","webkit","Wed Oct 08 14:44:42 UTC 2025","passed","Wed Oct 08 14:44:46 UTC 2025","","Requests","",""
"","4766","@Hosts - Validar que la tabla de proveedores pueda ser filtrada por Website","chromium","Wed Oct 08 14:22:41 UTC 2025","passed","Wed Oct 08 14:22:46 UTC 2025","","Vendors","",""
"","2217","@trip_users - Validar que la tabla contenga los encabezados correctos","chromium","Wed Oct 08 14:21:30 UTC 2025","passed","Wed Oct 08 14:21:32 UTC 2025","","Trip_users","",""
"","1905","@vendors - Validar que la tabla de usuarios de Proveedores tenga al menos un registro","chromium","Wed Oct 08 14:22:07 UTC 2025","passed","Wed Oct 08 14:22:09 UTC 2025","","Vendors","",""
"","5207","@projects - Validar que la tabla de Proyectos pueda ser filtrada por Nombre de Proyecto","chromium","Wed Oct 08 14:22:10 UTC 2025","failed","Wed Oct 08 14:22:15 UTC 2025","","Projects","",""
"","2914","@Hosts - Validar que se pueda navegar hasta la ultima pagina","chromium","Wed Oct 08 14:20:38 UTC 2025","passed","Wed Oct 08 14:20:40 UTC 2025","","Vendors","",""
"","4909","@projects - Validar que la tabla de Proyectos tenga al menos un registro","firefox","Wed Oct 08 14:22:49 UTC 2025","passed","Wed Oct 08 14:22:53 UTC 2025","","Projects","",""
"","2214","@login - Verificación de mensajes para valores requeridos (Password)","chromium","Wed Oct 08 14:21:43 UTC 2025","passed","Wed Oct 08 14:21:46 UTC 2025","","Login","",""
"","2853","@login - Verificación de mensajes para valores requeridos (Email)","webkit","Wed Oct 08 14:26:24 UTC 2025","passed","Wed Oct 08 14:26:27 UTC 2025","","Login","",""
"","5668","@trip_users - Validar que la tabla de de Usuarios de Viaje pueda ser filtrada por Fecha de Cumpleaños","chromium","Wed Oct 08 14:22:12 UTC 2025","failed","Wed Oct 08 14:22:18 UTC 2025","","Trip_users","",""
"","4743","@vendors - Validar que se pueda navegar hasta la ultima pagina y de regreso a la primera","chromium","Wed Oct 08 14:21:55 UTC 2025","passed","Wed Oct 08 14:22:00 UTC 2025","","Vendors","",""
"","5392","@experiences - Validar que se pueda navegar hasta la ultima pagina y de regreso a la primera","firefox","Wed Oct 08 14:22:40 UTC 2025","passed","Wed Oct 08 14:22:45 UTC 2025","","Experiences","",""
"","4756","@projects - Validar que la tabla de Proyectos pueda ser filtrada por Experiencia","webkit","Wed Oct 08 14:28:40 UTC 2025","failed","Wed Oct 08 14:28:44 UTC 2025","","Projects","",""
"","6293","@vendors - Validar que se pueda navegar a la siguiente pagina","firefox","Wed Oct 08 14:25:08 UTC 2025","failed","Wed Oct 08 14:25:15 UTC 2025","","Vendors","",""
"","4910","@projects - Validar que la tabla de Proyectos pueda ser filtrada por nombre de PM","chromium","Wed Oct 08 14:21:46 UTC 2025","passed","Wed Oct 08 14:21:51 UTC 2025","","Projects","",""
"","5262","@projects - Validar que la tabla de Proyectos pueda ser filtrada por Estado","webkit","Wed Oct 08 14:30:13 UTC 2025","failed","Wed Oct 08 14:30:18 UTC 2025","","Projects","",""
"","3015","@Dashboard - Debe mostrar al menos una transacción en la tabla de transacciones","chromium","Wed Oct 08 14:15:35 UTC 2025","passed","Wed Oct 08 14:15:38 UTC 2025","","Dashboard","",""
"","3601","@projects - Validar que la tabla contenga los encabezados correctos","chromium","Wed Oct 08 14:15:29 UTC 2025","passed","Wed Oct 08 14:15:33 UTC 2025","","Projects","",""
"","8822","@Hosts - Validar que la tabla de proveedores pueda ser filtrada por Dia de Creación","chromium","Wed Oct 08 14:21:49 UTC 2025","failed","Wed Oct 08 14:21:58 UTC 2025","","Vendors","",""
"","3843","@vendors - Validar que se pueda navegar hasta la ultima pagina","chromium","Wed Oct 08 14:21:34 UTC 2025","passed","Wed Oct 08 14:21:38 UTC 2025","","Vendors","",""
"","10175","@trip_users - Validar que la tabla de de Usuarios de Viaje pueda ser filtrada por Pais","firefox","Wed Oct 08 14:24:45 UTC 2025","passed","Wed Oct 08 14:24:55 UTC 2025","","Trip_users","",""
"","4873","@Hosts - Validar que se pueda navegar hasta la ultima pagina y de regreso a la primera","webkit","Wed Oct 08 14:26:58 UTC 2025","passed","Wed Oct 08 14:27:02 UTC 2025","","Vendors","",""
"","4833","@Hosts - Validar que la tabla de proveedores pueda ser filtrada por Phone","webkit","Wed Oct 08 14:29:31 UTC 2025","passed","Wed Oct 08 14:29:36 UTC 2025","","Vendors","",""
"","7742","@projects - Validar que la tabla de Proyectos pueda ser filtrada por Destino","firefox","Wed Oct 08 14:25:16 UTC 2025","failed","Wed Oct 08 14:25:24 UTC 2025","","Projects","",""
"","4187","@vendors - Validar que el contador de paginas se actualice al modificar el numero de elementos mostrados por pagina","chromium","Wed Oct 08 14:21:30 UTC 2025","passed","Wed Oct 08 14:21:34 UTC 2025","","Vendors","",""
"","6843","@Hosts - Validar que el contador de paginas se actualice al modificar el numero de elementos mostrados por pagina","webkit","Wed Oct 08 14:26:34 UTC 2025","passed","Wed Oct 08 14:26:41 UTC 2025","","Vendors","",""
"","13613","@experiences - Validar que la tabla de experiencias pueda ser filtrada por Dia de Creación","webkit","Wed Oct 08 14:26:34 UTC 2025","passed","Wed Oct 08 14:26:47 UTC 2025","","Experiences","",""
"","5773","@Dashboard - Verificar que al hacer click en View All redireccione correctamente a la vista de Requerimientos","chromium","Wed Oct 08 14:15:30 UTC 2025","passed","Wed Oct 08 14:15:35 UTC 2025","","Dashboard","",""
"","4160","@login - Verificación de inicio de sesion con usuario existente pero contraseña incorrecta","firefox","Wed Oct 08 14:21:58 UTC 2025","passed","Wed Oct 08 14:22:02 UTC 2025","","Login","",""
"","5242","@experiences - Validar que la tabla de experiencias pueda ser filtrada por Valor inicial","firefox","Wed Oct 08 14:23:15 UTC 2025","passed","Wed Oct 08 14:23:20 UTC 2025","","Experiences","",""
"","3812","@vendors - Validar que la tabla de proveedores pueda ser filtrada por ID","webkit","Wed Oct 08 14:30:28 UTC 2025","passed","Wed Oct 08 14:30:32 UTC 2025","","Vendors","",""
"","1377","@trip_users - Validar que la tabla contenga los encabezados correctos","webkit","Wed Oct 08 14:28:25 UTC 2025","passed","Wed Oct 08 14:28:27 UTC 2025","","Trip_users","",""
"","5790","@vendors - Validar que la tabla de proveedores pueda ser filtrada por ID","chromium","Wed Oct 08 14:22:30 UTC 2025","passed","Wed Oct 08 14:22:36 UTC 2025","","Vendors","",""
"","6180","@vendors - Validar que la tabla de proveedores pueda ser filtrada por Proveedor","firefox","Wed Oct 08 14:26:57 UTC 2025","failed","Wed Oct 08 14:27:04 UTC 2025","","Vendors","",""
"","3989","@requests - Validar que la tabla de Solicitudes pueda ser filtrada por Tipo","firefox","Wed Oct 08 14:25:45 UTC 2025","passed","Wed Oct 08 14:25:49 UTC 2025","","Requests","",""
"","4395","@trip_users - Validar que la tabla de usuarios de Viajes tenga al menos un usuario","firefox","Wed Oct 08 14:24:17 UTC 2025","passed","Wed Oct 08 14:24:21 UTC 2025","","Trip_users","",""
"","3142","@Hosts - Validar que se pueda navegar hasta la ultima pagina","webkit","Wed Oct 08 14:26:41 UTC 2025","passed","Wed Oct 08 14:26:44 UTC 2025","","Vendors","",""
"","3726","@vendors - Validar que la tabla de proveedores pueda ser filtrada por Servicios","webkit","Wed Oct 08 14:31:31 UTC 2025","passed","Wed Oct 08 14:31:35 UTC 2025","","Vendors","",""
"","5374","@experiences - Validar que el contador de paginas se actualice al modificar el numero de elementos mostrados por pagina","firefox","Wed Oct 08 14:22:25 UTC 2025","passed","Wed Oct 08 14:22:30 UTC 2025","","Experiences","",""
"","5278","@projects - Validar que el contador de paginas se actualice al modificar el numero de elementos mostrados por pagina","chromium","Wed Oct 08 14:15:33 UTC 2025","passed","Wed Oct 08 14:15:38 UTC 2025","","Projects","",""
"","7265","@requests - Validar que la tabla de Solicitudes pueda ser filtrada por ID","webkit","Wed Oct 08 14:43:12 UTC 2025","passed","Wed Oct 08 14:43:19 UTC 2025","","Requests","",""
"","313991","@requests - Validar el flujo de Edición de una Solicitud (Request) Existente","chromium","Wed Oct 08 14:41:54 UTC 2025","broken","Wed Oct 08 14:47:08 UTC 2025","","Requests","",""
"","5574","@vendors - Validar que la tabla de proveedores pueda ser filtrada por Status","firefox","Wed Oct 08 14:28:04 UTC 2025","passed","Wed Oct 08 14:28:10 UTC 2025","","Vendors","",""
"","5076","@Hosts - Validar que se pueda navegar hasta la ultima pagina y de regreso a la primera","firefox","Wed Oct 08 14:22:39 UTC 2025","passed","Wed Oct 08 14:22:44 UTC 2025","","Vendors","",""
"","4812","@vendors - Validar que la tabla de proveedores pueda ser filtrada por Email","firefox","Wed Oct 08 14:28:41 UTC 2025","passed","Wed Oct 08 14:28:46 UTC 2025","","Vendors","",""
"","4217","@Hosts - Validar que la tabla de proveedores pueda ser filtrada por ID","chromium","Wed Oct 08 14:21:01 UTC 2025","passed","Wed Oct 08 14:21:05 UTC 2025","","Vendors","",""
"","5071","@login - Verificación de inicio de sesion con usuario existente pero contraseña incorrecta","webkit","Wed Oct 08 14:26:19 UTC 2025","passed","Wed Oct 08 14:26:24 UTC 2025","","Login","",""
"","5503","@Hosts - Validar que el contador de paginas se actualice al modificar el numero de elementos mostrados por pagina","firefox","Wed Oct 08 14:22:25 UTC 2025","passed","Wed Oct 08 14:22:30 UTC 2025","","Vendors","",""
"","5009","@projects - Validar que el contador de paginas se actualice al modificar el numero de elementos mostrados por pagina","firefox","Wed Oct 08 14:22:56 UTC 2025","passed","Wed Oct 08 14:23:01 UTC 2025","","Projects","",""
"","4699","@requests - Validar que el contador de paginas se actualice al modificar el numero de elementos mostrados por pagina","firefox","Wed Oct 08 14:23:30 UTC 2025","passed","Wed Oct 08 14:23:35 UTC 2025","","Requests","",""
"","3483","@projects - Validar que se pueda navegar hasta la ultima pagina","chromium","Wed Oct 08 14:21:28 UTC 2025","passed","Wed Oct 08 14:21:32 UTC 2025","","Projects","",""
"","3950","@login - Verificación de inicio de sesion con usuario inexistente/invalido","firefox","Wed Oct 08 14:21:54 UTC 2025","passed","Wed Oct 08 14:21:58 UTC 2025","","Login","",""
"","6052","@requests - Validar que la tabla de Solicitudes pueda ser filtrada por Canal de Solicitud","firefox","Wed Oct 08 14:25:39 UTC 2025","passed","Wed Oct 08 14:25:45 UTC 2025","","Requests","",""
"","9213","@Hosts - Verificación del flujo de Creación de un Proveedor nuevo","firefox","Wed Oct 08 14:22:44 UTC 2025","passed","Wed Oct 08 14:22:54 UTC 2025","","Vendors","",""
"","4417","@projects - Validar que se pueda navegar hasta la ultima pagina","firefox","Wed Oct 08 14:23:01 UTC 2025","passed","Wed Oct 08 14:23:06 UTC 2025","","Projects","",""
"","2000","@trip_users - Validar que la tabla de usuarios de Viajes tenga al menos un usuario","webkit","Wed Oct 08 14:28:23 UTC 2025","passed","Wed Oct 08 14:28:25 UTC 2025","","Trip_users","",""
"","3396","@requests - Validar que la tabla contenga los encabezados correctos","firefox","Wed Oct 08 14:23:27 UTC 2025","passed","Wed Oct 08 14:23:30 UTC 2025","","Requests","",""
"","4377","@Dashboard - Verificar que al hacer click en View All redireccione correctamente a la vista de Requerimientos","webkit","Wed Oct 08 14:25:48 UTC 2025","passed","Wed Oct 08 14:25:52 UTC 2025","","Dashboard","",""
"","5696","@projects - Validar que la tabla de Proyectos pueda ser filtrada por Telefono","firefox","Wed Oct 08 14:26:31 UTC 2025","passed","Wed Oct 08 14:26:37 UTC 2025","","Projects","",""
"","6081","@projects - Validar que se pueda navegar hasta la ultima pagina y de regreso a la primera","firefox","Wed Oct 08 14:23:10 UTC 2025","passed","Wed Oct 08 14:23:16 UTC 2025","","Projects","",""
"","5980","@requests - Validar que la tabla de Solicitudes pueda ser filtrada por Tipo","webkit","Wed Oct 08 14:43:48 UTC 2025","passed","Wed Oct 08 14:43:54 UTC 2025","","Requests","",""
"","3737","@vendors - Validar que se pueda navegar hasta la ultima pagina y de regreso a la primera","webkit","Wed Oct 08 14:29:57 UTC 2025","passed","Wed Oct 08 14:30:01 UTC 2025","","Vendors","",""
"","2400","@requests - Validar que la tabla de Solicitudes tenga al menos un registro","webkit","Wed Oct 08 14:27:18 UTC 2025","passed","Wed Oct 08 14:27:20 UTC 2025","","Requests","",""
"","5162","@vendors - Validar que el contador de paginas se actualice al modificar el numero de elementos mostrados por pagina","firefox","Wed Oct 08 14:24:41 UTC 2025","passed","Wed Oct 08 14:24:46 UTC 2025","","Vendors","",""
"","5606","@experiences - Validar que el contador de paginas se actualice al modificar el numero de elementos mostrados por pagina","chromium","Wed Oct 08 14:15:29 UTC 2025","passed","Wed Oct 08 14:15:35 UTC 2025","","Experiences","",""
"","6616","@requests - Validar que el contador de paginas se actualice al modificar el numero de elementos mostrados por pagina","webkit","Wed Oct 08 14:27:23 UTC 2025","passed","Wed Oct 08 14:27:30 UTC 2025","","Requests","",""
"","4172","@trip_users - Validar que la tabla de de Usuarios de Viaje pueda ser filtrada por Nombre","webkit","Wed Oct 08 14:28:45 UTC 2025","passed","Wed Oct 08 14:28:49 UTC 2025","","Trip_users","",""
"","3939","@requests - Validar que se pueda navegar a la siguiente pagina","firefox","Wed Oct 08 14:23:40 UTC 2025","passed","Wed Oct 08 14:23:44 UTC 2025","","Requests","",""
"","13558","@requests - Validar que la tabla de Solicitudes pueda ser filtrada por Dia de Creación","firefox","Wed Oct 08 14:25:21 UTC 2025","failed","Wed Oct 08 14:25:34 UTC 2025","","Requests","",""
"","5000","@experiences - Validar que se pueda navegar hasta la ultima pagina y de regreso a la primera","chromium","Wed Oct 08 14:20:46 UTC 2025","passed","Wed Oct 08 14:20:51 UTC 2025","","Experiences","",""
"","24764","@vendors - Validar que la tabla de proveedores pueda ser filtrada por Website","firefox","Wed Oct 08 14:29:09 UTC 2025","failed","Wed Oct 08 14:29:34 UTC 2025","","Vendors","",""
"","7106","@vendors - Verificación del flujo de Creación de un Proveedor nuevo","chromium","Wed Oct 08 14:22:00 UTC 2025","passed","Wed Oct 08 14:22:07 UTC 2025","","Vendors","",""
"","7169","@projects - Validar que la tabla de Proyectos pueda ser filtrada por Lugar de Salida","firefox","Wed Oct 08 14:24:46 UTC 2025","passed","Wed Oct 08 14:24:53 UTC 2025","","Projects","",""
"","4517","@Hosts - Validar que la tabla de proveedores pueda ser filtrada por Email","chromium","Wed Oct 08 14:22:32 UTC 2025","passed","Wed Oct 08 14:22:37 UTC 2025","","Vendors","",""
"","5547","@trip_users - Validar que la tabla de de Usuarios de Viaje pueda ser filtrada por ID","firefox","Wed Oct 08 14:24:24 UTC 2025","passed","Wed Oct 08 14:24:30 UTC 2025","","Trip_users","",""
"","4954","@experiences - Validar que la tabla de experiencias pueda ser filtrada por ID","chromium","Wed Oct 08 14:20:51 UTC 2025","passed","Wed Oct 08 14:20:56 UTC 2025","","Experiences","",""
"","2778","@login - Verificación de inicio de sesion con usuario inexistente/invalido","chromium","Wed Oct 08 14:21:31 UTC 2025","passed","Wed Oct 08 14:21:34 UTC 2025","","Login","",""
"","3993","@requests - Validar que la tabla de Solicitudes pueda ser filtrada por tipo de Viaje","webkit","Wed Oct 08 14:44:38 UTC 2025","passed","Wed Oct 08 14:44:42 UTC 2025","","Requests","",""
"","4742","@trip_users - Validar que la tabla de de Usuarios de Viaje pueda ser filtrada por telefono","webkit","Wed Oct 08 14:29:03 UTC 2025","passed","Wed Oct 08 14:29:07 UTC 2025","","Trip_users","",""
"","4901","@projects - Validar que la tabla de Proyectos pueda ser filtrada por Typo de Viaje","chromium","Wed Oct 08 14:23:22 UTC 2025","passed","Wed Oct 08 14:23:27 UTC 2025","","Projects","",""
"","3489","@vendors - Validar que se pueda navegar a la siguiente pagina","chromium","Wed Oct 08 14:21:50 UTC 2025","failed","Wed Oct 08 14:21:53 UTC 2025","","Vendors","",""
"","4453","@Hosts - Validar que la tabla de proveedores pueda ser filtrada por Email","webkit","Wed Oct 08 14:29:27 UTC 2025","passed","Wed Oct 08 14:29:31 UTC 2025","","Vendors","",""
"","4937","@requests - Validar que el contador de paginas se actualice al modificar el numero de elementos mostrados por pagina","chromium","Wed Oct 08 14:20:39 UTC 2025","passed","Wed Oct 08 14:20:44 UTC 2025","","Requests","",""
"","3855","@projects - Validar que la tabla de Proyectos pueda ser filtrada por ID","chromium","Wed Oct 08 14:21:43 UTC 2025","passed","Wed Oct 08 14:21:46 UTC 2025","","Projects","",""
"","12111","@requests - Validar el flujo de Edición de una Solicitud (Request) Existente","firefox","Wed Oct 08 14:24:04 UTC 2025","passed","Wed Oct 08 14:24:16 UTC 2025","","Requests","",""
"","4660","@experiences - Validar que la tabla de experiencias pueda ser filtrada por ID","firefox","Wed Oct 08 14:22:45 UTC 2025","passed","Wed Oct 08 14:22:50 UTC 2025","","Experiences","",""
"","4986","@experiences - Validar que se pueda navegar hasta la ultima pagina y de regreso a la primera","webkit","Wed Oct 08 14:26:23 UTC 2025","passed","Wed Oct 08 14:26:28 UTC 2025","","Experiences","",""
"","4204","@projects - Validar que la tabla de Proyectos pueda ser filtrada por Tipo","chromium","Wed Oct 08 14:21:51 UTC 2025","passed","Wed Oct 08 14:21:56 UTC 2025","","Projects","",""
"","5534","@projects - Validar que la tabla de Proyectos pueda ser filtrada por Budget","webkit","Wed Oct 08 14:29:31 UTC 2025","passed","Wed Oct 08 14:29:36 UTC 2025","","Projects","",""
"","6959","@Hosts - Validar que la tabla de proveedores pueda ser filtrada por Status","webkit","Wed Oct 08 14:28:54 UTC 2025","passed","Wed Oct 08 14:29:01 UTC 2025","","Vendors","",""
"","3909","@login - Verificación de mensajes para valores requeridos (Password)","webkit","Wed Oct 08 14:26:27 UTC 2025","passed","Wed Oct 08 14:26:31 UTC 2025","","Login","",""
"","8372","@Hosts - Validar que la tabla de proveedores pueda ser filtrada por Servicios","firefox","Wed Oct 08 14:25:12 UTC 2025","passed","Wed Oct 08 14:25:21 UTC 2025","","Vendors","",""
"","3388","@requests - Validar que la tabla de Solicitudes pueda ser filtrada por Canal de Solicitud","chromium","Wed Oct 08 15:03:20 UTC 2025","passed","Wed Oct 08 15:03:23 UTC 2025","","Requests","",""
"","4389","@trip_users - Validar que la tabla de de Usuarios de Viaje pueda ser filtrada por Nombre","firefox","Wed Oct 08 14:24:30 UTC 2025","passed","Wed Oct 08 14:24:34 UTC 2025","","Trip_users","",""
"","4273","@experiences - Validar que la tabla de experiencias pueda ser filtrada por Destino","chromium","Wed Oct 08 14:21:12 UTC 2025","passed","Wed Oct 08 14:21:16 UTC 2025","","Experiences","",""
"","1826","@trip_users - Validar que la tabla contenga los encabezados correctos","firefox","Wed Oct 08 14:24:23 UTC 2025","passed","Wed Oct 08 14:24:24 UTC 2025","","Trip_users","",""
"","5154","@projects - Validar que se pueda navegar hasta la ultima pagina y de regreso a la primera","chromium","Wed Oct 08 14:21:37 UTC 2025","passed","Wed Oct 08 14:21:43 UTC 2025","","Projects","",""
"","3753","@vendors - Validar que la tabla de proveedores pueda ser filtrada por Proveedor","webkit","Wed Oct 08 14:30:42 UTC 2025","failed","Wed Oct 08 14:30:45 UTC 2025","","Vendors","",""
"","14451","@requests - Validar el flujo de Creación de una nueva Solicitud (Request)","firefox","Wed Oct 08 14:23:50 UTC 2025","passed","Wed Oct 08 14:24:04 UTC 2025","","Requests","",""
"","5076","@projects - Validar que la tabla de Proyectos pueda ser filtrada por Budget","firefox","Wed Oct 08 14:26:07 UTC 2025","passed","Wed Oct 08 14:26:13 UTC 2025","","Projects","",""
"","6999","@Hosts - Validar que la tabla de proveedores pueda ser filtrada por Proveedor","firefox","Wed Oct 08 14:23:25 UTC 2025","failed","Wed Oct 08 14:23:32 UTC 2025","","Vendors","",""
"","4096","@projects - Validar que la tabla de Proyectos pueda ser filtrada por Alimentación","firefox","Wed Oct 08 14:25:43 UTC 2025","passed","Wed Oct 08 14:25:48 UTC 2025","","Projects","",""
"","3398","@requests - Validar que la tabla de Solicitudes pueda ser filtrada por Paquetes/equipaje","chromium","Wed Oct 08 15:03:57 UTC 2025","passed","Wed Oct 08 15:04:00 UTC 2025","","Requests","",""
"","3722","@trip_users - Validar que la tabla de de Usuarios de Viaje pueda ser filtrada por Identificación","chromium","Wed Oct 08 14:21:46 UTC 2025","passed","Wed Oct 08 14:21:49 UTC 2025","","Trip_users","",""
"","1986","@Hosts - Validar que la tabla de usuarios de Proveedores tenga al menos un registro","chromium","Wed Oct 08 14:20:59 UTC 2025","passed","Wed Oct 08 14:21:01 UTC 2025","","Vendors","",""
"","13298","@vendors - Validar que la tabla de proveedores pueda ser filtrada por Phone","webkit","Wed Oct 08 14:31:39 UTC 2025","passed","Wed Oct 08 14:31:52 UTC 2025","","Vendors","",""
"","5348","@trip_users - Validar que la tabla de de Usuarios de Viaje pueda ser filtrada por Email","firefox","Wed Oct 08 14:24:34 UTC 2025","passed","Wed Oct 08 14:24:40 UTC 2025","","Trip_users","",""
"","1933","@trip_users - Validar que la tabla de usuarios de Viajes tenga al menos un usuario","chromium","Wed Oct 08 14:21:28 UTC 2025","passed","Wed Oct 08 14:21:29 UTC 2025","","Trip_users","",""
"","3995","@Hosts - Validar que se pueda navegar a la siguiente pagina","firefox","Wed Oct 08 14:22:35 UTC 2025","passed","Wed Oct 08 14:22:39 UTC 2025","","Vendors","",""
"","10348","@experiences - Validar que se pueda navegar hasta la ultima pagina","webkit","Wed Oct 08 14:26:08 UTC 2025","passed","Wed Oct 08 14:26:18 UTC 2025","","Experiences","",""
"","1","@experiences - Verificación del flujo de Edición de una Experiencia","firefox","Wed Oct 08 14:23:25 UTC 2025","skipped","Wed Oct 08 14:23:25 UTC 2025","","modules/experiences/experiences.spec.js","",""
"","5195","@vendors - Validar que la tabla de proveedores pueda ser filtrada por Location","firefox","Wed Oct 08 14:28:27 UTC 2025","failed","Wed Oct 08 14:28:33 UTC 2025","","Vendors","",""
"","9530","@vendors - Verificación del flujo de Edición de un Proveedor","firefox","Wed Oct 08 14:26:10 UTC 2025","failed","Wed Oct 08 14:26:20 UTC 2025","","Vendors","",""
"","5517","@vendors - Validar que la tabla de proveedores pueda ser filtrada por Phone","firefox","Wed Oct 08 14:28:46 UTC 2025","passed","Wed Oct 08 14:28:52 UTC 2025","","Vendors","",""
"","5586","@requests - Validar que la tabla de Solicitudes pueda ser filtrada por Alimentos","firefox","Wed Oct 08 14:27:36 UTC 2025","passed","Wed Oct 08 14:27:41 UTC 2025","","Requests","",""
"","2310","@vendors - Validar que se pueda navegar hasta la ultima pagina","webkit","Wed Oct 08 14:29:43 UTC 2025","passed","Wed Oct 08 14:29:45 UTC 2025","","Vendors","",""
"","6886","@requests - Validar que la tabla de Solicitudes pueda ser filtrada por Presupuesto","firefox","Wed Oct 08 14:27:48 UTC 2025","passed","Wed Oct 08 14:27:55 UTC 2025","","Requests","",""
"","3925","@Hosts - Validar que la tabla de proveedores pueda ser filtrada por Location","webkit","Wed Oct 08 14:29:17 UTC 2025","failed","Wed Oct 08 14:29:21 UTC 2025","","Vendors","",""
"","8248","@requests - Validar que la tabla de Solicitudes pueda ser filtrada por Lugar de Salida","firefox","Wed Oct 08 14:26:31 UTC 2025","passed","Wed Oct 08 14:26:39 UTC 2025","","Requests","",""
"","3720","@requests - Validar que la tabla de Solicitudes pueda ser filtrada por Duración","webkit","Wed Oct 08 14:44:30 UTC 2025","passed","Wed Oct 08 14:44:34 UTC 2025","","Requests","",""
"","6667","@requests - Validar que la tabla de Solicitudes pueda ser filtrada por tipo de Viaje","firefox","Wed Oct 08 14:27:41 UTC 2025","passed","Wed Oct 08 14:27:48 UTC 2025","","Requests","",""
"","4470","@requests - Validar que la tabla de Solicitudes pueda ser filtrada por Email","firefox","Wed Oct 08 14:28:04 UTC 2025","passed","Wed Oct 08 14:28:08 UTC 2025","","Requests","",""
"","2935","@requests - Validar que la tabla contenga los encabezados correctos","webkit","Wed Oct 08 14:27:20 UTC 2025","passed","Wed Oct 08 14:27:23 UTC 2025","","Requests","",""
"","0","@Hosts - Verificación del flujo de Edición de un Proveedor","firefox","Wed Oct 08 14:22:56 UTC 2025","skipped","Wed Oct 08 14:22:56 UTC 2025","","modules/hosts/hosts.spec.js","",""
"","5494","@Hosts - Validar que la tabla de proveedores pueda ser filtrada por ID","firefox","Wed Oct 08 14:22:56 UTC 2025","passed","Wed Oct 08 14:23:02 UTC 2025","","Vendors","",""
"","4315","@requests - Validar que la tabla de Solicitudes pueda ser filtrada por Telefono","firefox","Wed Oct 08 14:28:08 UTC 2025","passed","Wed Oct 08 14:28:13 UTC 2025","","Requests","",""
"","5572","@Hosts - Validar que la tabla de proveedores pueda ser filtrada por Website","firefox","Wed Oct 08 14:25:32 UTC 2025","passed","Wed Oct 08 14:25:38 UTC 2025","","Vendors","",""
"","2655","@Hosts - Validar que la tabla contenga los encabezados correctos","firefox","Wed Oct 08 14:22:22 UTC 2025","passed","Wed Oct 08 14:22:25 UTC 2025","","Vendors","",""
"","4640","@requests - Validar que la tabla de Solicitudes pueda ser filtrada por Departamento","firefox","Wed Oct 08 14:27:55 UTC 2025","passed","Wed Oct 08 14:27:59 UTC 2025","","Requests","",""
"","6455","@requests - Validar que la tabla de Solicitudes pueda ser filtrada por Duración","firefox","Wed Oct 08 14:27:29 UTC 2025","passed","Wed Oct 08 14:27:36 UTC 2025","","Requests","",""
"","6778","@projects - Validar que la tabla de Proyectos pueda ser filtrada por Estado","chromium","Wed Oct 08 14:24:09 UTC 2025","failed","Wed Oct 08 14:24:15 UTC 2025","","Projects","",""
"","2107","@projects - Validar que la tabla contenga los encabezados correctos","firefox","Wed Oct 08 14:22:54 UTC 2025","passed","Wed Oct 08 14:22:56 UTC 2025","","Projects","",""
"","5476","@Hosts - Validar que se pueda navegar hasta la ultima pagina y de regreso a la primera","chromium","Wed Oct 08 14:20:44 UTC 2025","passed","Wed Oct 08 14:20:50 UTC 2025","","Vendors","",""
"","8925","@Hosts - Validar que la tabla de proveedores pueda ser filtrada por Dia de Creación","webkit","Wed Oct 08 14:28:43 UTC 2025","failed","Wed Oct 08 14:28:52 UTC 2025","","Vendors","",""
"","3706","@requests - Validar que la tabla de Solicitudes pueda ser filtrada por Nombre de Contacto","webkit","Wed Oct 08 14:44:49 UTC 2025","passed","Wed Oct 08 14:44:53 UTC 2025","","Requests","",""
"","3476","@projects - Validar que la tabla de Proyectos tenga al menos un registro","webkit","Wed Oct 08 14:27:19 UTC 2025","passed","Wed Oct 08 14:27:23 UTC 2025","","Projects","",""
"","7570","@projects - Validar que la tabla de Proyectos pueda ser filtrada por Equipajes/paquetes","firefox","Wed Oct 08 14:25:29 UTC 2025","passed","Wed Oct 08 14:25:37 UTC 2025","","Projects","",""
"","6215","@vendors - Validar que la tabla de proveedores pueda ser filtrada por Proveedor","chromium","Wed Oct 08 14:22:51 UTC 2025","failed","Wed Oct 08 14:22:57 UTC 2025","","Vendors","",""
"","2277","@Hosts - Validar que la tabla de usuarios de Proveedores tenga al menos un registro","webkit","Wed Oct 08 14:27:19 UTC 2025","passed","Wed Oct 08 14:27:21 UTC 2025","","Vendors","",""
"","5192","@projects - Validar que se pueda navegar a la siguiente pagina","webkit","Wed Oct 08 14:27:38 UTC 2025","passed","Wed Oct 08 14:27:43 UTC 2025","","Projects","",""
"","4132","@trip_users - Validar que la tabla de de Usuarios de Viaje pueda ser filtrada por Email","webkit","Wed Oct 08 14:28:49 UTC 2025","passed","Wed Oct 08 14:28:53 UTC 2025","","Trip_users","",""
"","3411","@requests - Validar que la tabla de Solicitudes pueda ser filtrada por Duración","chromium","Wed Oct 08 15:04:00 UTC 2025","passed","Wed Oct 08 15:04:04 UTC 2025","","Requests","",""
"","5093","@Hosts - Validar que la tabla de proveedores pueda ser filtrada por Phone","firefox","Wed Oct 08 14:25:27 UTC 2025","passed","Wed Oct 08 14:25:32 UTC 2025","","Vendors","",""
"","3718","@experiences - Validar que la tabla de Experiencias tenga al menos un registro","webkit","Wed Oct 08 14:25:55 UTC 2025","passed","Wed Oct 08 14:25:58 UTC 2025","","Experiences","",""
"","5593","@requests - Validar que se pueda navegar hasta la ultima pagina","webkit","Wed Oct 08 14:27:30 UTC 2025","passed","Wed Oct 08 14:27:36 UTC 2025","","Requests","",""
"","5379","@experiences - Validar que la tabla de experiencias pueda ser filtrada por el estado de la Experiencia","chromium","Wed Oct 08 14:21:20 UTC 2025","passed","Wed Oct 08 14:21:26 UTC 2025","","Experiences","",""
"","9946","@projects - Validar que la tabla de Proyectos pueda ser filtrada por Estado","firefox","Wed Oct 08 14:27:05 UTC 2025","failed","Wed Oct 08 14:27:15 UTC 2025","","Projects","",""
"","6305","@projects - Validar que la tabla de Proyectos pueda ser filtrada por Departamento","firefox","Wed Oct 08 14:26:13 UTC 2025","passed","Wed Oct 08 14:26:19 UTC 2025","","Projects","",""
"","3677","@experiences - Validar que se pueda navegar hasta la ultima pagina","chromium","Wed Oct 08 14:20:38 UTC 2025","passed","Wed Oct 08 14:20:42 UTC 2025","","Experiences","",""
"","4568","@Dashboard - Verificar que al hacer click en View All redireccione correctamente a la vista de Requerimientos","firefox","Wed Oct 08 14:22:15 UTC 2025","passed","Wed Oct 08 14:22:20 UTC 2025","","Dashboard","",""
"","5148","@requests - Validar que se pueda navegar hasta la ultima pagina","firefox","Wed Oct 08 14:23:35 UTC 2025","passed","Wed Oct 08 14:23:40 UTC 2025","","Requests","",""
"","3157","@Dashboard - La vista debe mostrar todas las métricas principales","chromium","Wed Oct 08 14:15:26 UTC 2025","passed","Wed Oct 08 14:15:29 UTC 2025","","Dashboard","",""
"","2295","@Hosts - Validar que la tabla contenga los encabezados correctos","chromium","Wed Oct 08 14:15:26 UTC 2025","passed","Wed Oct 08 14:15:29 UTC 2025","","Vendors","",""
"","5042","@trip_users - Validar que la tabla de de Usuarios de Viaje pueda ser filtrada por ID","chromium","Wed Oct 08 14:21:32 UTC 2025","passed","Wed Oct 08 14:21:37 UTC 2025","","Trip_users","",""
"","6391","@Hosts - Validar que la tabla de proveedores pueda ser filtrada por Proveedor","webkit","Wed Oct 08 14:27:45 UTC 2025","failed","Wed Oct 08 14:27:51 UTC 2025","","Vendors","",""
"","4306","@projects - Validar que la tabla de Proyectos pueda ser filtrada por PO Quantity","chromium","Wed Oct 08 14:23:50 UTC 2025","passed","Wed Oct 08 14:23:54 UTC 2025","","Projects","",""
"","3560","@experiences - Validar que se pueda navegar a la siguiente pagina","chromium","Wed Oct 08 14:20:42 UTC 2025","passed","Wed Oct 08 14:20:46 UTC 2025","","Experiences","",""
"","3346","@requests - Validar que la tabla de Solicitudes pueda ser filtrada por Presupuesto","chromium","Wed Oct 08 15:04:10 UTC 2025","passed","Wed Oct 08 15:04:14 UTC 2025","","Requests","",""
"","5492","@requests - Validar que se pueda navegar hasta la ultima pagina y de regreso a la primera","firefox","Wed Oct 08 14:23:44 UTC 2025","passed","Wed Oct 08 14:23:50 UTC 2025","","Requests","",""
"","5725","@projects - Validar que la tabla de Proyectos pueda ser filtrada por Departamento","webkit","Wed Oct 08 14:29:36 UTC 2025","passed","Wed Oct 08 14:29:42 UTC 2025","","Projects","",""
"","4889","@projects - Validar que la tabla de Proyectos pueda ser filtrada por Lugar de Salida","webkit","Wed Oct 08 14:28:46 UTC 2025","passed","Wed Oct 08 14:28:51 UTC 2025","","Projects","",""
"","3840","@requests - Validar que la tabla de Solicitudes pueda ser filtrada por Destino","webkit","Wed Oct 08 14:44:22 UTC 2025","failed","Wed Oct 08 14:44:26 UTC 2025","","Requests","",""
"","10524","@vendors - Verificación del flujo de Creación de un Proveedor nuevo","firefox","Wed Oct 08 14:25:27 UTC 2025","passed","Wed Oct 08 14:25:38 UTC 2025","","Vendors","",""
"","4768","@vendors - Validar que la tabla de proveedores pueda ser filtrada por Status","webkit","Wed Oct 08 14:31:12 UTC 2025","passed","Wed Oct 08 14:31:16 UTC 2025","","Vendors","",""
"","4693","@projects - Validar que la tabla de Proyectos pueda ser filtrada por Equipajes/paquetes","chromium","Wed Oct 08 14:23:08 UTC 2025","passed","Wed Oct 08 14:23:12 UTC 2025","","Projects","",""
"","12255","@vendors - Validar que la tabla de proveedores pueda ser filtrada por Dia de Creación","firefox","Wed Oct 08 14:27:49 UTC 2025","failed","Wed Oct 08 14:28:01 UTC 2025","","Vendors","",""
"","6441","@requests - Validar que se pueda navegar hasta la ultima pagina y de regreso a la primera","webkit","Wed Oct 08 14:27:41 UTC 2025","passed","Wed Oct 08 14:27:47 UTC 2025","","Requests","",""
"","3539","@Hosts - Validar que se pueda navegar a la siguiente pagina","chromium","Wed Oct 08 14:20:41 UTC 2025","passed","Wed Oct 08 14:20:44 UTC 2025","","Vendors","",""
"","7242","@projects - Validar que el contador de paginas se actualice al modificar el numero de elementos mostrados por pagina","webkit","Wed Oct 08 14:27:27 UTC 2025","passed","Wed Oct 08 14:27:34 UTC 2025","","Projects","",""
"","3768","@requests - Validar que la tabla de Solicitudes pueda ser filtrada por Departamento","webkit","Wed Oct 08 14:44:46 UTC 2025","passed","Wed Oct 08 14:44:49 UTC 2025","","Requests","",""
"","4249","@vendors - Validar que la tabla de proveedores pueda ser filtrada por Phone","chromium","Wed Oct 08 14:24:08 UTC 2025","passed","Wed Oct 08 14:24:12 UTC 2025","","Vendors","",""
"","301094","@requests - Validar el flujo de Creación de una nueva Solicitud (Request)","webkit","Wed Oct 08 14:37:54 UTC 2025","broken","Wed Oct 08 14:42:55 UTC 2025","","Requests","",""
"","2200","@Dashboard - Debe mostrar al menos una transacción en la tabla de transacciones","webkit","Wed Oct 08 14:25:52 UTC 2025","passed","Wed Oct 08 14:25:55 UTC 2025","","Dashboard","",""
"","3575","@requests - Validar que la tabla de Solicitudes pueda ser filtrada por Experiencia","chromium","Wed Oct 08 15:03:36 UTC 2025","failed","Wed Oct 08 15:03:39 UTC 2025","","Requests","",""
"","5579","@projects - Validar que la tabla de Proyectos pueda ser filtrada por Experiencia","chromium","Wed Oct 08 14:22:33 UTC 2025","failed","Wed Oct 08 14:22:39 UTC 2025","","Projects","",""
"","13481","@experiences - Validar que la tabla de experiencias pueda ser filtrada por Dia de Creación","firefox","Wed Oct 08 14:22:50 UTC 2025","passed","Wed Oct 08 14:23:04 UTC 2025","","Experiences","",""
"","4976","@Hosts - Validar que la tabla de proveedores pueda ser filtrada por Location","chromium","Wed Oct 08 14:22:20 UTC 2025","failed","Wed Oct 08 14:22:25 UTC 2025","","Vendors","",""
"","4322","@experiences - Validar que la tabla de Experiencias tenga al menos un registro","firefox","Wed Oct 08 14:22:20 UTC 2025","passed","Wed Oct 08 14:22:24 UTC 2025","","Experiences","",""
"","6134","@Hosts - Validar que la tabla de proveedores pueda ser filtrada por Status","chromium","Wed Oct 08 14:22:00 UTC 2025","passed","Wed Oct 08 14:22:06 UTC 2025","","Vendors","",""
"","3822","@requests - Validar que la tabla de Solicitudes pueda ser filtrada por Alimentos","webkit","Wed Oct 08 14:44:34 UTC 2025","passed","Wed Oct 08 14:44:38 UTC 2025","","Requests","",""
"","4635","@projects - Validar que la tabla de Proyectos pueda ser filtrada por Telefono","chromium","Wed Oct 08 14:23:45 UTC 2025","passed","Wed Oct 08 14:23:50 UTC 2025","","Projects","",""
"","3629","@vendors - Validar que la tabla de proveedores pueda ser filtrada por Email","webkit","Wed Oct 08 14:31:35 UTC 2025","passed","Wed Oct 08 14:31:39 UTC 2025","","Vendors","",""
"","9508","@experiences - Validar que el contador de paginas se actualice al modificar el numero de elementos mostrados por pagina","webkit","Wed Oct 08 14:25:58 UTC 2025","passed","Wed Oct 08 14:26:08 UTC 2025","","Experiences","",""
"","6518","@projects - Validar que la tabla de Proyectos pueda ser filtrada por Nombre de Contacto","firefox","Wed Oct 08 14:26:19 UTC 2025","passed","Wed Oct 08 14:26:25 UTC 2025","","Projects","",""
"","3460","@requests - Validar que la tabla de Solicitudes tenga al menos un registro","chromium","Wed Oct 08 14:15:26 UTC 2025","passed","Wed Oct 08 14:15:30 UTC 2025","","Requests","",""
"","6803","@projects - Validar que la tabla de Proyectos pueda ser filtrada por Nombre de Proyecto","firefox","Wed Oct 08 14:23:56 UTC 2025","failed","Wed Oct 08 14:24:02 UTC 2025","","Projects","",""
"","5048","@experiences - Validar que la tabla de experiencias pueda ser filtrada por Valor inicial","webkit","Wed Oct 08 14:27:04 UTC 2025","passed","Wed Oct 08 14:27:09 UTC 2025","","Experiences","",""
"","0","@Hosts - Verificación del flujo de Edición de un Proveedor","webkit","Wed Oct 08 14:27:21 UTC 2025","skipped","Wed Oct 08 14:27:21 UTC 2025","","modules/hosts/hosts.spec.js","",""
"","4640","@Hosts - Validar que la tabla de proveedores pueda ser filtrada por Servicios","chromium","Wed Oct 08 14:22:27 UTC 2025","passed","Wed Oct 08 14:22:32 UTC 2025","","Vendors","",""
"","5572","@projects - Validar que la tabla de Proyectos pueda ser filtrada por Duración","firefox","Wed Oct 08 14:25:38 UTC 2025","passed","Wed Oct 08 14:25:43 UTC 2025","","Projects","",""
"","4522","@projects - Validar que la tabla de Proyectos pueda ser filtrada por Telefono","webkit","Wed Oct 08 14:29:50 UTC 2025","passed","Wed Oct 08 14:29:55 UTC 2025","","Projects","",""
"","3733","@requests - Validar que la tabla de Solicitudes pueda ser filtrada por Telefono","webkit","Wed Oct 08 14:44:57 UTC 2025","passed","Wed Oct 08 14:45:00 UTC 2025","","Requests","",""
"","6176","@projects - Validar que la tabla de Proyectos pueda ser filtrada por Tipo","firefox","Wed Oct 08 14:23:27 UTC 2025","passed","Wed Oct 08 14:23:33 UTC 2025","","Projects","",""
"","5000","@projects - Validar que la tabla de Proyectos pueda ser filtrada por Destino","webkit","Wed Oct 08 14:29:06 UTC 2025","failed","Wed Oct 08 14:29:11 UTC 2025","","Projects","",""
"","3501","@requests - Validar que la tabla de Solicitudes pueda ser filtrada por Destino","chromium","Wed Oct 08 15:03:52 UTC 2025","failed","Wed Oct 08 15:03:56 UTC 2025","","Requests","",""
"","5107","@trip_users - Validar que la tabla de de Usuarios de Viaje pueda ser filtrada por Identificación","webkit","Wed Oct 08 14:28:53 UTC 2025","passed","Wed Oct 08 14:28:58 UTC 2025","","Trip_users","",""
"","3843","@vendors - Validar que la tabla de proveedores pueda ser filtrada por Website","webkit","Wed Oct 08 14:32:02 UTC 2025","failed","Wed Oct 08 14:32:05 UTC 2025","","Vendors","",""
"","4679","@requests - Validar que la tabla de Solicitudes pueda ser filtrada por Estado","webkit","Wed Oct 08 14:45:00 UTC 2025","passed","Wed Oct 08 14:45:05 UTC 2025","","Requests","",""
"","19871","@projects - Validar que la tabla de Proyectos pueda ser filtrada por Typo de Viaje","firefox","Wed Oct 08 14:25:48 UTC 2025","passed","Wed Oct 08 14:26:07 UTC 2025","","Projects","",""
"","8527","@projects - Validar que la tabla de Proyectos pueda ser filtrada por nombre de PM","webkit","Wed Oct 08 14:27:56 UTC 2025","passed","Wed Oct 08 14:28:04 UTC 2025","","Projects","",""
"","5578","@projects - Validar que se pueda navegar a la siguiente pagina","chromium","Wed Oct 08 14:21:32 UTC 2025","passed","Wed Oct 08 14:21:37 UTC 2025","","Projects","",""
"","3070","@Hosts - Validar que la tabla contenga los encabezados correctos","webkit","Wed Oct 08 14:26:31 UTC 2025","passed","Wed Oct 08 14:26:34 UTC 2025","","Vendors","",""
"","4086","@requests - Validar que se pueda navegar hasta la ultima pagina y de regreso a la primera","chromium","Wed Oct 08 14:20:52 UTC 2025","passed","Wed Oct 08 14:20:57 UTC 2025","","Requests","",""
"","4598","@projects - Validar que la tabla de Proyectos pueda ser filtrada por MC Person","chromium","Wed Oct 08 14:23:41 UTC 2025","passed","Wed Oct 08 14:23:45 UTC 2025","","Projects","",""
"","3348","@requests - Validar que la tabla de Solicitudes pueda ser filtrada por Telefono","chromium","Wed Oct 08 15:04:24 UTC 2025","passed","Wed Oct 08 15:04:27 UTC 2025","","Requests","",""
"","7539","@requests - Validar que la tabla de Solicitudes pueda ser filtrada por Paquetes/equipaje","firefox","Wed Oct 08 14:27:21 UTC 2025","passed","Wed Oct 08 14:27:28 UTC 2025","","Requests","",""
"","18467","@trip_users - Validar que la tabla de de Usuarios de Viaje pueda ser filtrada por ID","webkit","Wed Oct 08 14:28:27 UTC 2025","passed","Wed Oct 08 14:28:45 UTC 2025","","Trip_users","",""
"","3412","@requests - Validar que la tabla de Solicitudes pueda ser filtrada por Alimentos","chromium","Wed Oct 08 15:04:04 UTC 2025","passed","Wed Oct 08 15:04:07 UTC 2025","","Requests","",""
"","4534","@experiences - Validar que se pueda navegar a la siguiente pagina","firefox","Wed Oct 08 14:22:36 UTC 2025","passed","Wed Oct 08 14:22:40 UTC 2025","","Experiences","",""
"","2455","@Hosts - Validar que la tabla de usuarios de Proveedores tenga al menos un registro","firefox","Wed Oct 08 14:22:54 UTC 2025","passed","Wed Oct 08 14:22:56 UTC 2025","","Vendors","",""
"","7925","@vendors - Validar que la tabla de proveedores pueda ser filtrada por ID","firefox","Wed Oct 08 14:26:26 UTC 2025","passed","Wed Oct 08 14:26:34 UTC 2025","","Vendors","",""
"","3507","@requests - Validar que la tabla de Solicitudes pueda ser filtrada por Estado","chromium","Wed Oct 08 15:04:27 UTC 2025","passed","Wed Oct 08 15:04:31 UTC 2025","","Requests","",""
"","5391","@requests - Validar que se pueda navegar a la siguiente pagina","webkit","Wed Oct 08 14:27:36 UTC 2025","passed","Wed Oct 08 14:27:41 UTC 2025","","Requests","",""
"","5192","@Hosts - Validar que la tabla de proveedores pueda ser filtrada por Website","webkit","Wed Oct 08 14:29:36 UTC 2025","passed","Wed Oct 08 14:29:41 UTC 2025","","Vendors","",""
"","5066","@vendors - Verificación del flujo de Edición de un Proveedor","chromium","Wed Oct 08 14:22:23 UTC 2025","failed","Wed Oct 08 14:22:28 UTC 2025","","Vendors","",""
"","7362","@vendors - Validar que la tabla de proveedores pueda ser filtrada por Dia de Creación","webkit","Wed Oct 08 14:31:03 UTC 2025","failed","Wed Oct 08 14:31:10 UTC 2025","","Vendors","",""
"","4456","@projects - Validar que la tabla de Proyectos pueda ser filtrada por Alimentación","webkit","Wed Oct 08 14:29:22 UTC 2025","passed","Wed Oct 08 14:29:26 UTC 2025","","Projects","",""
"","7470","@login - Verificación de inicio de sesion con usuario existente","chromium","Wed Oct 08 14:15:26 UTC 2025","passed","Wed Oct 08 14:15:34 UTC 2025","","Login","",""
"","8230","@requests - Validar el flujo de Edición de una Solicitud (Request) Existente","webkit","Wed Oct 08 14:42:57 UTC 2025","passed","Wed Oct 08 14:43:05 UTC 2025","","Requests","",""
"","0","@Hosts - Verificación del flujo de Edición de un Proveedor","chromium","Wed Oct 08 14:21:01 UTC 2025","skipped","Wed Oct 08 14:21:01 UTC 2025","","modules/hosts/hosts.spec.js","",""
"","6741","@Dashboard - La vista debe mostrar todas las métricas principales","webkit","Wed Oct 08 14:25:39 UTC 2025","passed","Wed Oct 08 14:25:46 UTC 2025","","Dashboard","",""
"","8461","@projects - Validar que la tabla de Proyectos pueda ser filtrada por Experiencia","firefox","Wed Oct 08 14:24:34 UTC 2025","failed","Wed Oct 08 14:24:42 UTC 2025","","Projects","",""
"","11059","@vendors - Verificación del flujo de Creación de un Proveedor nuevo","webkit","Wed Oct 08 14:30:01 UTC 2025","passed","Wed Oct 08 14:30:12 UTC 2025","","Vendors","",""
"","5680","@trip_users - Validar que la tabla de de Usuarios de Viaje pueda ser filtrada por Fecha de Cumpleaños","webkit","Wed Oct 08 14:29:29 UTC 2025","failed","Wed Oct 08 14:29:35 UTC 2025","","Trip_users","",""
"","3691","@requests - Validar que la tabla de Solicitudes pueda ser filtrada por Email","webkit","Wed Oct 08 14:44:53 UTC 2025","passed","Wed Oct 08 14:44:57 UTC 2025","","Requests","",""
"","17908","@Hosts - Validar que la tabla de proveedores pueda ser filtrada por Dia de Creación","firefox","Wed Oct 08 14:24:09 UTC 2025","failed","Wed Oct 08 14:24:27 UTC 2025","","Vendors","",""
"","4960","@experiences - Validar que se pueda navegar a la siguiente pagina","webkit","Wed Oct 08 14:26:18 UTC 2025","passed","Wed Oct 08 14:26:23 UTC 2025","","Experiences","",""
"","3914","@login - Verificación de mensajes para valores requeridos (Password)","firefox","Wed Oct 08 14:22:08 UTC 2025","passed","Wed Oct 08 14:22:12 UTC 2025","","Login","",""
"","4820","@login - Verificación de inicio de sesion con usuario inexistente/invalido","webkit","Wed Oct 08 14:26:02 UTC 2025","passed","Wed Oct 08 14:26:07 UTC 2025","","Login","",""
"","2371","@Dashboard - Debe mostrar al menos una transacción en la tabla de transacciones","firefox","Wed Oct 08 14:22:20 UTC 2025","passed","Wed Oct 08 14:22:22 UTC 2025","","Dashboard","",""
"","7558","@requests - Validar que la tabla de Solicitudes pueda ser filtrada por Dia de Creación","webkit","Wed Oct 08 14:43:36 UTC 2025","failed","Wed Oct 08 14:43:43 UTC 2025","","Requests","",""
"","3831","@requests - Validar que la tabla de Solicitudes pueda ser filtrada por Lugar de Salida","webkit","Wed Oct 08 14:44:08 UTC 2025","passed","Wed Oct 08 14:44:12 UTC 2025","","Requests","",""
"","5652","@experiences - Validar que la tabla de experiencias pueda ser filtrada por Destino","firefox","Wed Oct 08 14:23:09 UTC 2025","passed","Wed Oct 08 14:23:15 UTC 2025","","Experiences","",""
"","11670","@experiences - Validar que la tabla de experiencias pueda ser filtrada por Destino","webkit","Wed Oct 08 14:26:53 UTC 2025","passed","Wed Oct 08 14:27:04 UTC 2025","","Experiences","",""
"","4253","@trip_users - Validar que la tabla de de Usuarios de Viaje pueda ser filtrada por Pais","webkit","Wed Oct 08 14:28:58 UTC 2025","passed","Wed Oct 08 14:29:03 UTC 2025","","Trip_users","",""
"","4561","@vendors - Validar que el contador de paginas se actualice al modificar el numero de elementos mostrados por pagina","webkit","Wed Oct 08 14:29:38 UTC 2025","passed","Wed Oct 08 14:29:42 UTC 2025","","Vendors","",""
"","3817","@vendors - Validar que la tabla contenga los encabezados correctos","chromium","Wed Oct 08 14:21:26 UTC 2025","passed","Wed Oct 08 14:21:30 UTC 2025","","Vendors","",""
"","5148","@vendors - Validar que la tabla de proveedores pueda ser filtrada por Status","chromium","Wed Oct 08 14:23:31 UTC 2025","passed","Wed Oct 08 14:23:36 UTC 2025","","Vendors","",""
"","4025","@vendors - Validar que se pueda navegar hasta la ultima pagina","firefox","Wed Oct 08 14:24:46 UTC 2025","passed","Wed Oct 08 14:24:50 UTC 2025","","Vendors","",""
"","5758","@login - Verificación de mensajes para valores requeridos (Email)","firefox","Wed Oct 08 14:22:02 UTC 2025","passed","Wed Oct 08 14:22:08 UTC 2025","","Login","",""
"","4879","@trip_users - Validar que la tabla de de Usuarios de Viaje pueda ser filtrada por telefono","firefox","Wed Oct 08 14:24:55 UTC 2025","passed","Wed Oct 08 14:25:00 UTC 2025","","Trip_users","",""
"","5224","@Hosts - Validar que la tabla de proveedores pueda ser filtrada por Email","firefox","Wed Oct 08 14:25:22 UTC 2025","passed","Wed Oct 08 14:25:27 UTC 2025","","Vendors","",""
"","3272","@requests - Validar que la tabla de Solicitudes pueda ser filtrada por Tipo","chromium","Wed Oct 08 15:03:23 UTC 2025","passed","Wed Oct 08 15:03:27 UTC 2025","","Requests","",""
"","4378","@projects - Validar que la tabla de Proyectos pueda ser filtrada por Nombre de Proyecto","webkit","Wed Oct 08 14:28:22 UTC 2025","failed","Wed Oct 08 14:28:26 UTC 2025","","Projects","",""
"","4636","@requests - Validar que la tabla contenga los encabezados correctos","chromium","Wed Oct 08 14:15:30 UTC 2025","passed","Wed Oct 08 14:15:34 UTC 2025","","Requests","",""
"","3862","@projects - Validar que la tabla de Proyectos pueda ser filtrada por Nombre de Contacto","webkit","Wed Oct 08 14:29:42 UTC 2025","passed","Wed Oct 08 14:29:46 UTC 2025","","Projects","",""
"","5571","@projects - Validar que la tabla de Proyectos pueda ser filtrada por nombre de PM","firefox","Wed Oct 08 14:23:21 UTC 2025","passed","Wed Oct 08 14:23:27 UTC 2025","","Projects","",""
"","5381","@experiences - Validar que la tabla de experiencias pueda ser filtrada por Nombre de Experiencia","webkit","Wed Oct 08 14:26:47 UTC 2025","passed","Wed Oct 08 14:26:53 UTC 2025","","Experiences","",""
"","4124","@vendors - Validar que la tabla de proveedores pueda ser filtrada por Servicios","chromium","Wed Oct 08 14:23:59 UTC 2025","passed","Wed Oct 08 14:24:04 UTC 2025","","Vendors","",""
"","8854","@Hosts - Verificación del flujo de Creación de un Proveedor nuevo","chromium","Wed Oct 08 14:20:50 UTC 2025","passed","Wed Oct 08 14:20:59 UTC 2025","","Vendors","",""
"","5145","@Hosts - Validar que la tabla de proveedores pueda ser filtrada por Proveedor","chromium","Wed Oct 08 14:21:21 UTC 2025","failed","Wed Oct 08 14:21:26 UTC 2025","","Vendors","",""
"","4802","@Hosts - Validar que se pueda navegar hasta la ultima pagina","firefox","Wed Oct 08 14:22:30 UTC 2025","passed","Wed Oct 08 14:22:35 UTC 2025","","Vendors","",""
"","6500","@projects - Validar que la tabla de Proyectos pueda ser filtrada por Tipo","webkit","Wed Oct 08 14:28:04 UTC 2025","passed","Wed Oct 08 14:28:11 UTC 2025","","Projects","",""
"","5453","@experiences - Validar que la tabla de experiencias pueda ser filtrada por ID","webkit","Wed Oct 08 14:26:28 UTC 2025","passed","Wed Oct 08 14:26:34 UTC 2025","","Experiences","",""
"","5347","@experiences - Validar que la tabla de experiencias pueda ser filtrada por Nombre de Experiencia","firefox","Wed Oct 08 14:23:04 UTC 2025","passed","Wed Oct 08 14:23:09 UTC 2025","","Experiences","",""
"","7663","@Hosts - Validar que se pueda navegar a la siguiente pagina","webkit","Wed Oct 08 14:26:44 UTC 2025","passed","Wed Oct 08 14:26:51 UTC 2025","","Vendors","",""
"","3858","@projects - Validar que se pueda navegar a la siguiente pagina","firefox","Wed Oct 08 14:23:06 UTC 2025","passed","Wed Oct 08 14:23:10 UTC 2025","","Projects","",""
"","11533","@experiences - Validar que la tabla de experiencias pueda ser filtrada por Dia de Creación","chromium","Wed Oct 08 14:20:56 UTC 2025","passed","Wed Oct 08 14:21:08 UTC 2025","","Experiences","",""
"","10156","@requests - Validar que la tabla de Solicitudes pueda ser filtrada por Destino","firefox","Wed Oct 08 14:27:06 UTC 2025","failed","Wed Oct 08 14:27:16 UTC 2025","","Requests","",""
"","1734","@requests - Validar que la tabla de Solicitudes tenga al menos un registro","firefox","Wed Oct 08 14:23:25 UTC 2025","passed","Wed Oct 08 14:23:27 UTC 2025","","Requests","",""
